Ville,Le Havre,Rouen,Caen,Cherbourg-en-Cotentin,Évreux,Sotteville-lès-Rouen,Saint-Étienne-du-Rouvray,Dieppe,Le Grand-Quevilly,Alençon,Vernon,Hérouville-Saint-Clair,Le Petit-Quevilly,Mont-Saint-Aignan,Lisieux,Saint-Lô,Louviers,Fécamp,Vire Normandie,Elbeuf,Montivilliers,Flers,Bois-Guillaume,Canteleu,Argentan,Bayeux,Val-de-Reuil,Granville,Oissel,Barentin,Ifs,Gisors,Bolbec,Yvetot,La Hague,Maromme,Déville-lès-Rouen,Port-Jérôme-sur-Seine,Avranches,Carentan-les-Marais,Caudebec-lès-Elbeuf,Mondeville,Pont-Audemer,Darnétal,Grand-Couronne,Petit-Caux,Bernay,Mézidon Vallée d'Auge,Ouistreham,Gonfreville-l'Orcher
Le Havre,0.0,71.0,49.0,126.0,92.0,72.0,72.0,85.0,69.0,118.0,109.0,46.0,69.0,70.0,40.0,97.0,83.0,35.0,103.0,69.0,8.0,179.0,73.0,67.0,84.0,63.0,84.0,144.0,73.0,61.0,52.0,123.0,28.0,49.0,139.0,67.0,68.0,36.0,140.0,100.0,71.0,47.0,35.0,76.0,67.0,98.0,57.0,46.0,36.0,9.0
Rouen,71.0,0.0,110.0,197.0,46.0,3.0,6.0,54.0,5.0,134.0,48.0,107.0,3.0,3.0,71.0,163.0,26.0,63.0,159.0,18.0,66.0,128.0,4.0,4.0,112.0,131.0,21.0,207.0,11.0,16.0,110.0,53.0,47.0,31.0,210.0,6.0,5.0,36.0,198.0,170.0,18.0,107.0,42.0,4.0,12.0,59.0,53.0,89.0,100.0,63.0
Caen,49.0,110.0,0.0,105.0,112.0,109.0,108.0,133.0,106.0,90.0,135.0,3.0,107.0,109.0,43.0,53.0,111.0,83.0,54.0,100.0,57.0,227.0,112.0,106.0,55.0,27.0,115.0,98.0,107.0,104.0,5.0,156.0,75.0,94.0,116.0,106.0,107.0,79.0,91.0,66.0,102.0,3.0,68.0,114.0,101.0,146.0,71.0,29.0,13.0,56.0
Cherbourg-en-Cotentin,126.0,197.0,105.0,0.0,212.0,198.0,198.0,197.0,195.0,184.0,233.0,105.0,195.0,196.0,145.0,70.0,207.0,144.0,107.0,195.0,131.0,287.0,199.0,193.0,154.0,78.0,209.0,90.0,199.0,186.0,108.0,249.0,151.0,171.0,13.0,192.0,194.0,161.0,108.0,47.0,196.0,108.0,159.0,202.0,193.0,210.0,172.0,133.0,107.0,135.0
Évreux,92.0,46.0,112.0,212.0,0.0,43.0,40.0,100.0,43.0,102.0,25.0,110.0,45.0,49.0,69.0,164.0,21.0,99.0,149.0,31.0,90.0,164.0,49.0,48.0,91.0,138.0,28.0,202.0,35.0,59.0,110.0,54.0,78.0,72.0,225.0,51.0,50.0,67.0,188.0,177.0,30.0,108.0,57.0,46.0,38.0,104.0,41.0,84.0,106.0,85.0
Sotteville-lès-Rouen,72.0,3.0,109.0,198.0,43.0,0.0,4.0,57.0,3.0,132.0,46.0,106.0,2.0,6.0,69.0,162.0,23.0,64.0,157.0,15.0,66.0,131.0,7.0,6.0,110.0,131.0,18.0,206.0,8.0,18.0,109.0,52.0,48.0,33.0,210.0,8.0,7.0,37.0,196.0,170.0,16.0,106.0,41.0,6.0,9.0,62.0,51.0,87.0,99.0,63.0
Saint-Étienne-du-Rouvray,72.0,6.0,108.0,198.0,40.0,4.0,0.0,60.0,4.0,129.0,43.0,105.0,5.0,9.0,68.0,161.0,19.0,66.0,156.0,12.0,67.0,133.0,10.0,9.0,108.0,131.0,15.0,205.0,5.0,21.0,108.0,51.0,49.0,36.0,211.0,11.0,10.0,38.0,195.0,170.0,12.0,105.0,41.0,8.0,7.0,65.0,48.0,86.0,99.0,63.0
Dieppe,85.0,54.0,133.0,197.0,100.0,57.0,60.0,0.0,58.0,181.0,97.0,130.0,56.0,51.0,106.0,181.0,79.0,54.0,187.0,71.0,76.0,95.0,51.0,53.0,154.0,147.0,73.0,228.0,65.0,43.0,135.0,88.0,58.0,41.0,209.0,50.0,51.0,58.0,224.0,181.0,72.0,131.0,75.0,54.0,64.0,14.0,99.0,122.0,120.0,77.0
Le Grand-Quevilly,69.0,5.0,106.0,195.0,43.0,3.0,4.0,58.0,0.0,129.0,47.0,103.0,2.0,7.0,67.0,159.0,23.0,62.0,154.0,14.0,64.0,133.0,9.0,5.0,108.0,128.0,19.0,203.0,8.0,17.0,106.0,55.0,46.0,32.0,208.0,8.0,7.0,34.0,193.0,167.0,14.0,103.0,38.0,8.0,7.0,63.0,48.0,84.0,96.0,60.0
Alençon,118.0,134.0,90.0,184.0,102.0,132.0,129.0,181.0,129.0,0.0,126.0,91.0,131.0,136.0,80.0,115.0,117.0,149.0,83.0,117.0,124.0,262.0,138.0,133.0,36.0,110.0,124.0,132.0,125.0,139.0,85.0,155.0,130.0,141.0,194.0,135.0,135.0,125.0,111.0,138.0,117.0,88.0,107.0,137.0,122.0,190.0,82.0,73.0,97.0,120.0
Vernon,109.0,48.0,135.0,233.0,25.0,46.0,43.0,97.0,47.0,126.0,0.0,133.0,48.0,51.0,92.0,188.0,27.0,109.0,175.0,41.0,106.0,147.0,50.0,51.0,117.0,160.0,28.0,227.0,40.0,63.0,134.0,30.0,91.0,79.0,246.0,54.0,52.0,79.0,213.0,200.0,39.0,132.0,75.0,46.0,45.0,98.0,65.0,108.0,128.0,102.0
Hérouville-Saint-Clair,46.0,107.0,3.0,105.0,110.0,106.0,105.0,130.0,103.0,91.0,133.0,0.0,104.0,107.0,41.0,56.0,109.0,80.0,58.0,98.0,54.0,224.0,110.0,103.0,56.0,28.0,113.0,101.0,105.0,101.0,7.0,154.0,72.0,91.0,117.0,104.0,105.0,76.0,94.0,67.0,99.0,3.0,65.0,111.0,99.0,143.0,69.0,28.0,10.0,53.0
Le Petit-Quevilly,69.0,3.0,107.0,195.0,45.0,2.0,5.0,56.0,2.0,131.0,48.0,104.0,0.0,5.0,68.0,160.0,24.0,62.0,156.0,16.0,64.0,131.0,7.0,4.0,109.0,129.0,20.0,204.0,9.0,16.0,107.0,54.0,46.0,31.0,208.0,6.0,5.0,35.0,195.0,168.0,16.0,104.0,39.0,7.0,9.0,61.0,50.0,86.0,97.0,61.0
Mont-Saint-Aignan,70.0,3.0,109.0,196.0,49.0,6.0,9.0,51.0,7.0,136.0,51.0,107.0,5.0,0.0,72.0,162.0,29.0,60.0,159.0,21.0,65.0,127.0,3.0,4.0,114.0,131.0,24.0,207.0,14.0,13.0,110.0,55.0,45.0,29.0,209.0,4.0,2.0,35.0,198.0,169.0,21.0,107.0,42.0,6.0,14.0,56.0,55.0,89.0,99.0,61.0
Lisieux,40.0,71.0,43.0,145.0,69.0,69.0,68.0,106.0,67.0,80.0,92.0,41.0,68.0,72.0,0.0,96.0,69.0,69.0,88.0,59.0,44.0,196.0,74.0,68.0,48.0,69.0,73.0,137.0,67.0,69.0,42.0,114.0,51.0,65.0,157.0,69.0,70.0,48.0,127.0,108.0,60.0,40.0,32.0,75.0,61.0,117.0,28.0,18.0,38.0,40.0
Saint-Lô,97.0,163.0,53.0,70.0,164.0,162.0,161.0,181.0,159.0,115.0,188.0,56.0,160.0,162.0,96.0,0.0,164.0,128.0,37.0,154.0,105.0,275.0,165.0,159.0,88.0,33.0,168.0,48.0,161.0,156.0,54.0,209.0,124.0,145.0,79.0,159.0,160.0,130.0,52.0,24.0,155.0,56.0,121.0,167.0,154.0,194.0,123.0,79.0,63.0,105.0
Louviers,83.0,26.0,111.0,207.0,21.0,23.0,19.0,79.0,23.0,117.0,27.0,109.0,24.0,29.0,69.0,164.0,0.0,83.0,155.0,14.0,79.0,146.0,29.0,28.0,101.0,136.0,7.0,206.0,15.0,40.0,110.0,45.0,64.0,54.0,220.0,31.0,29.0,52.0,194.0,175.0,12.0,108.0,48.0,26.0,19.0,83.0,43.0,86.0,104.0,75.0
Fécamp,35.0,63.0,83.0,144.0,99.0,64.0,66.0,54.0,62.0,149.0,109.0,80.0,62.0,60.0,69.0,128.0,83.0,0.0,138.0,70.0,27.0,148.0,62.0,59.0,116.0,94.0,81.0,176.0,70.0,48.0,87.0,114.0,22.0,31.0,157.0,57.0,58.0,32.0,173.0,127.0,71.0,82.0,47.0,66.0,64.0,67.0,76.0,80.0,70.0,30.0
Vire Normandie,103.0,159.0,54.0,107.0,149.0,157.0,156.0,187.0,154.0,83.0,175.0,58.0,156.0,159.0,88.0,37.0,155.0,138.0,0.0,146.0,112.0,280.0,162.0,155.0,63.0,52.0,160.0,53.0,154.0,155.0,52.0,199.0,129.0,147.0,115.0,156.0,157.0,131.0,39.0,60.0,147.0,56.0,118.0,163.0,149.0,200.0,111.0,70.0,67.0,110.0
Elbeuf,69.0,18.0,100.0,195.0,31.0,15.0,12.0,71.0,14.0,117.0,41.0,98.0,16.0,21.0,59.0,154.0,14.0,70.0,146.0,0.0,66.0,145.0,22.0,18.0,97.0,124.0,15.0,196.0,9.0,29.0,100.0,56.0,50.0,41.0,207.0,21.0,20.0,38.0,186.0,164.0,1.0,97.0,35.0,20.0,7.0,77.0,37.0,77.0,92.0,61.0
Montivilliers,8.0,66.0,57.0,131.0,90.0,66.0,67.0,76.0,64.0,124.0,106.0,54.0,64.0,65.0,44.0,105.0,79.0,27.0,112.0,66.0,0.0,171.0,67.0,62.0,91.0,71.0,80.0,152.0,69.0,55.0,60.0,118.0,21.0,41.0,144.0,61.0,62.0,30.0,148.0,107.0,67.0,55.0,33.0,70.0,62.0,90.0,59.0,53.0,44.0,6.0
Flers,179.0,128.0,227.0,287.0,164.0,131.0,133.0,95.0,133.0,262.0,147.0,224.0,131.0,127.0,196.0,275.0,146.0,148.0,280.0,145.0,171.0,0.0,125.0,130.0,240.0,242.0,138.0,323.0,137.0,127.0,229.0,121.0,152.0,133.0,299.0,128.0,128.0,149.0,318.0,275.0,145.0,224.0,164.0,125.0,140.0,81.0,181.0,213.0,214.0,171.0
Bois-Guillaume,73.0,4.0,112.0,199.0,49.0,7.0,10.0,51.0,9.0,138.0,50.0,110.0,7.0,3.0,74.0,165.0,29.0,62.0,162.0,22.0,67.0,125.0,0.0,7.0,116.0,134.0,23.0,210.0,14.0,15.0,113.0,52.0,48.0,31.0,212.0,6.0,5.0,38.0,201.0,172.0,22.0,109.0,45.0,4.0,15.0,55.0,57.0,92.0,102.0,64.0
Canteleu,67.0,4.0,106.0,193.0,48.0,6.0,9.0,53.0,5.0,133.0,51.0,103.0,4.0,4.0,68.0,159.0,28.0,59.0,155.0,18.0,62.0,130.0,7.0,0.0,110.0,127.0,24.0,203.0,13.0,12.0,106.0,57.0,43.0,28.0,206.0,3.0,2.0,32.0,194.0,166.0,19.0,103.0,38.0,8.0,11.0,59.0,51.0,86.0,96.0,58.0
Argentan,84.0,112.0,55.0,154.0,91.0,110.0,108.0,154.0,108.0,36.0,117.0,56.0,109.0,114.0,48.0,88.0,101.0,116.0,63.0,97.0,91.0,240.0,116.0,110.0,0.0,77.0,108.0,116.0,105.0,114.0,50.0,144.0,99.0,112.0,164.0,112.0,112.0,96.0,99.0,109.0,97.0,53.0,78.0,116.0,101.0,164.0,60.0,38.0,62.0,87.0
Bayeux,63.0,131.0,27.0,78.0,138.0,131.0,131.0,147.0,128.0,110.0,160.0,28.0,129.0,131.0,69.0,33.0,136.0,94.0,52.0,124.0,71.0,242.0,134.0,127.0,77.0,0.0,139.0,81.0,131.0,123.0,30.0,180.0,91.0,112.0,90.0,127.0,129.0,98.0,81.0,40.0,125.0,30.0,90.0,136.0,124.0,161.0,97.0,55.0,32.0,72.0
Val-de-Reuil,84.0,21.0,115.0,209.0,28.0,18.0,15.0,73.0,19.0,124.0,28.0,113.0,20.0,24.0,73.0,168.0,7.0,81.0,160.0,15.0,80.0,138.0,23.0,24.0,108.0,139.0,0.0,210.0,12.0,36.0,114.0,41.0,63.0,51.0,222.0,26.0,25.0,51.0,199.0,178.0,14.0,112.0,50.0,20.0,18.0,77.0,49.0,91.0,107.0,75.0
Granville,144.0,207.0,98.0,90.0,202.0,206.0,205.0,228.0,203.0,132.0,227.0,101.0,204.0,207.0,137.0,48.0,206.0,176.0,53.0,196.0,152.0,323.0,210.0,203.0,116.0,81.0,210.0,0.0,204.0,201.0,97.0,251.0,171.0,191.0,92.0,204.0,205.0,176.0,24.0,58.0,197.0,100.0,165.0,211.0,198.0,241.0,163.0,120.0,109.0,152.0
Oissel,73.0,11.0,107.0,199.0,35.0,8.0,5.0,65.0,8.0,125.0,40.0,105.0,9.0,14.0,67.0,161.0,15.0,70.0,154.0,9.0,69.0,137.0,14.0,13.0,105.0,131.0,12.0,204.0,0.0,25.0,107.0,50.0,52.0,39.0,212.0,16.0,15.0,40.0,194.0,170.0,8.0,104.0,41.0,12.0,7.0,70.0,46.0,85.0,98.0,65.0
Barentin,61.0,16.0,104.0,186.0,59.0,18.0,21.0,43.0,17.0,139.0,63.0,101.0,16.0,13.0,69.0,156.0,40.0,48.0,155.0,29.0,55.0,127.0,15.0,12.0,114.0,123.0,36.0,201.0,25.0,0.0,105.0,67.0,35.0,16.0,199.0,10.0,11.0,26.0,194.0,161.0,30.0,101.0,37.0,18.0,22.0,51.0,57.0,86.0,93.0,52.0
Ifs,52.0,110.0,5.0,108.0,110.0,109.0,108.0,135.0,106.0,85.0,134.0,7.0,107.0,110.0,42.0,54.0,110.0,87.0,52.0,100.0,60.0,229.0,113.0,106.0,50.0,30.0,114.0,97.0,107.0,105.0,0.0,155.0,77.0,96.0,120.0,107.0,108.0,80.0,89.0,68.0,101.0,5.0,68.0,114.0,101.0,148.0,69.0,26.0,17.0,59.0
Gisors,123.0,53.0,156.0,249.0,54.0,52.0,51.0,88.0,55.0,155.0,30.0,154.0,54.0,55.0,114.0,209.0,45.0,114.0,199.0,56.0,118.0,121.0,52.0,57.0,144.0,180.0,41.0,251.0,50.0,67.0,155.0,0.0,100.0,83.0,262.0,58.0,57.0,89.0,238.0,219.0,55.0,153.0,91.0,49.0,57.0,85.0,88.0,131.0,148.0,115.0
Bolbec,28.0,47.0,75.0,151.0,78.0,48.0,49.0,58.0,46.0,130.0,91.0,72.0,46.0,45.0,51.0,124.0,64.0,22.0,129.0,50.0,21.0,152.0,48.0,43.0,99.0,91.0,63.0,171.0,52.0,35.0,77.0,100.0,0.0,21.0,164.0,42.0,43.0,12.0,166.0,128.0,51.0,72.0,26.0,51.0,45.0,71.0,55.0,65.0,62.0,19.0
Yvetot,49.0,31.0,94.0,171.0,72.0,33.0,36.0,41.0,32.0,141.0,79.0,91.0,31.0,29.0,65.0,145.0,54.0,31.0,147.0,41.0,41.0,133.0,31.0,28.0,112.0,112.0,51.0,191.0,39.0,16.0,96.0,83.0,21.0,0.0,184.0,25.0,27.0,17.0,185.0,149.0,42.0,92.0,34.0,35.0,35.0,53.0,60.0,81.0,82.0,40.0
La Hague,139.0,210.0,116.0,13.0,225.0,210.0,211.0,209.0,208.0,194.0,246.0,117.0,208.0,209.0,157.0,79.0,220.0,157.0,115.0,207.0,144.0,299.0,212.0,206.0,164.0,90.0,222.0,92.0,212.0,199.0,120.0,262.0,164.0,184.0,0.0,205.0,206.0,174.0,112.0,56.0,208.0,119.0,172.0,214.0,205.0,222.0,185.0,145.0,119.0,148.0
Maromme,67.0,6.0,106.0,192.0,51.0,8.0,11.0,50.0,8.0,135.0,54.0,104.0,6.0,4.0,69.0,159.0,31.0,57.0,156.0,21.0,61.0,128.0,6.0,3.0,112.0,127.0,26.0,204.0,16.0,10.0,107.0,58.0,42.0,25.0,205.0,0.0,2.0,31.0,195.0,166.0,22.0,103.0,39.0,9.0,14.0,56.0,53.0,87.0,96.0,58.0
Déville-lès-Rouen,68.0,5.0,107.0,194.0,50.0,7.0,10.0,51.0,7.0,135.0,52.0,105.0,5.0,2.0,70.0,160.0,29.0,58.0,157.0,20.0,62.0,128.0,5.0,2.0,112.0,129.0,25.0,205.0,15.0,11.0,108.0,57.0,43.0,27.0,206.0,2.0,0.0,33.0,196.0,167.0,21.0,104.0,40.0,8.0,13.0,57.0,53.0,87.0,97.0,59.0
Port-Jérôme-sur-Seine,36.0,36.0,79.0,161.0,67.0,37.0,38.0,58.0,34.0,125.0,79.0,76.0,35.0,35.0,48.0,130.0,52.0,32.0,131.0,38.0,30.0,149.0,38.0,32.0,96.0,98.0,51.0,176.0,40.0,26.0,80.0,89.0,12.0,17.0,174.0,31.0,33.0,0.0,169.0,136.0,40.0,76.0,18.0,40.0,34.0,69.0,46.0,64.0,67.0,26.0
Avranches,140.0,198.0,91.0,108.0,188.0,196.0,195.0,224.0,193.0,111.0,213.0,94.0,195.0,198.0,127.0,52.0,194.0,173.0,39.0,186.0,148.0,318.0,201.0,194.0,99.0,81.0,199.0,24.0,194.0,194.0,89.0,238.0,166.0,185.0,112.0,195.0,196.0,169.0,0.0,69.0,186.0,94.0,157.0,202.0,188.0,237.0,150.0,109.0,104.0,147.0
Carentan-les-Marais,100.0,170.0,66.0,47.0,177.0,170.0,170.0,181.0,167.0,138.0,200.0,67.0,168.0,169.0,108.0,24.0,175.0,127.0,60.0,164.0,107.0,275.0,172.0,166.0,109.0,40.0,178.0,58.0,170.0,161.0,68.0,219.0,128.0,149.0,56.0,166.0,167.0,136.0,69.0,0.0,165.0,69.0,129.0,174.0,163.0,195.0,136.0,94.0,72.0,109.0
Caudebec-lès-Elbeuf,71.0,18.0,102.0,196.0,30.0,16.0,12.0,72.0,14.0,117.0,39.0,99.0,16.0,21.0,60.0,155.0,12.0,71.0,147.0,1.0,67.0,145.0,22.0,19.0,97.0,125.0,14.0,197.0,8.0,30.0,101.0,55.0,51.0,42.0,208.0,22.0,21.0,40.0,186.0,165.0,0.0,98.0,36.0,20.0,8.0,77.0,38.0,78.0,93.0,62.0
Mondeville,47.0,107.0,3.0,108.0,108.0,106.0,105.0,131.0,103.0,88.0,132.0,3.0,104.0,107.0,40.0,56.0,108.0,82.0,56.0,97.0,55.0,224.0,109.0,103.0,53.0,30.0,112.0,100.0,104.0,101.0,5.0,153.0,72.0,92.0,119.0,103.0,104.0,76.0,94.0,69.0,98.0,0.0,65.0,111.0,98.0,143.0,68.0,26.0,12.0,54.0
Pont-Audemer,35.0,42.0,68.0,159.0,57.0,41.0,41.0,75.0,38.0,107.0,75.0,65.0,39.0,42.0,32.0,121.0,48.0,47.0,118.0,35.0,33.0,164.0,45.0,38.0,78.0,90.0,50.0,165.0,41.0,37.0,68.0,91.0,26.0,34.0,172.0,39.0,40.0,18.0,157.0,129.0,36.0,65.0,0.0,46.0,34.0,86.0,29.0,49.0,58.0,28.0
Darnétal,76.0,4.0,114.0,202.0,46.0,6.0,8.0,54.0,8.0,137.0,46.0,111.0,7.0,6.0,75.0,167.0,26.0,66.0,163.0,20.0,70.0,125.0,4.0,8.0,116.0,136.0,20.0,211.0,12.0,18.0,114.0,49.0,51.0,35.0,214.0,9.0,8.0,40.0,202.0,174.0,20.0,111.0,46.0,0.0,15.0,58.0,56.0,93.0,104.0,67.0
Grand-Couronne,67.0,12.0,101.0,193.0,38.0,9.0,7.0,64.0,7.0,122.0,45.0,99.0,9.0,14.0,61.0,154.0,19.0,64.0,149.0,7.0,62.0,140.0,15.0,11.0,101.0,124.0,18.0,198.0,7.0,22.0,101.0,57.0,45.0,35.0,205.0,14.0,13.0,34.0,188.0,163.0,8.0,98.0,34.0,15.0,0.0,70.0,42.0,79.0,92.0,58.0
Petit-Caux,98.0,59.0,146.0,210.0,104.0,62.0,65.0,14.0,63.0,190.0,98.0,143.0,61.0,56.0,117.0,194.0,83.0,67.0,200.0,77.0,90.0,81.0,55.0,59.0,164.0,161.0,77.0,241.0,70.0,51.0,148.0,85.0,71.0,53.0,222.0,56.0,57.0,69.0,237.0,195.0,77.0,143.0,86.0,58.0,70.0,0.0,108.0,133.0,133.0,90.0
Bernay,57.0,53.0,71.0,172.0,41.0,51.0,48.0,99.0,48.0,82.0,65.0,69.0,50.0,55.0,28.0,123.0,43.0,76.0,111.0,37.0,59.0,181.0,57.0,51.0,60.0,97.0,49.0,163.0,46.0,57.0,69.0,88.0,55.0,60.0,185.0,53.0,53.0,46.0,150.0,136.0,38.0,68.0,29.0,56.0,42.0,108.0,0.0,44.0,66.0,53.0
Mézidon Vallée d'Auge,46.0,89.0,29.0,133.0,84.0,87.0,86.0,122.0,84.0,73.0,108.0,28.0,86.0,89.0,18.0,79.0,86.0,80.0,70.0,77.0,53.0,213.0,92.0,86.0,38.0,55.0,91.0,120.0,85.0,86.0,26.0,131.0,65.0,81.0,145.0,87.0,87.0,64.0,109.0,94.0,78.0,26.0,49.0,93.0,79.0,133.0,44.0,0.0,29.0,50.0
Ouistreham,36.0,100.0,13.0,107.0,106.0,99.0,99.0,120.0,96.0,97.0,128.0,10.0,97.0,99.0,38.0,63.0,104.0,70.0,67.0,92.0,44.0,214.0,102.0,96.0,62.0,32.0,107.0,109.0,98.0,93.0,17.0,148.0,62.0,82.0,119.0,96.0,97.0,67.0,104.0,72.0,93.0,12.0,58.0,104.0,92.0,133.0,66.0,29.0,0.0,44.0
Gonfreville-l'Orcher,9.0,63.0,56.0,135.0,85.0,63.0,63.0,77.0,60.0,120.0,102.0,53.0,61.0,61.0,40.0,105.0,75.0,30.0,110.0,61.0,6.0,171.0,64.0,58.0,87.0,72.0,75.0,152.0,65.0,52.0,59.0,115.0,19.0,40.0,148.0,58.0,59.0,26.0,147.0,109.0,62.0,54.0,28.0,67.0,58.0,90.0,53.0,50.0,44.0,0.0
